"last_name, first_name","player_id","year","pa","bip","ba","est_ba","est_ba_minus_ba_diff","slg","est_slg","est_slg_minus_slg_diff","woba","est_woba","est_woba_minus_woba_diff"
"Ozuna, Marcell","542303","2020","267","169",0.338,0.313,0.025000000000000022,0.636,0.635,0.0010000000000000009,0.444,0.436,0.008000000000000007
"Lindor, Francisco","596019","2020","266","197",0.258,0.279,-0.02100000000000002,0.415,0.441,-0.026000000000000023,0.324,0.346,-0.021999999999999964
"Biggio, Cavan","624415","2020","265","159",0.25,0.214,0.036000000000000004,0.432,0.343,0.08899999999999997,0.355,0.315,0.03999999999999998
"Merrifield, Whit","593160","2020","265","216",0.282,0.292,-0.010000000000000009,0.44,0.439,0.0010000000000000009,0.329,0.336,-0.007000000000000006
"Swanson, Dansby","621020","2020","264","167",0.274,0.267,0.007000000000000006,0.464,0.474,-0.009999999999999953,0.348,0.354,-0.006000000000000005
"Freeman, Freddie","518692","2020","262","177",0.341,0.343,-0.0020000000000000018,0.64,0.663,-0.02300000000000002,0.456,0.466,-0.010000000000000009
"Abreu, José","547989","2020","262","182",0.317,0.299,0.018000000000000016,0.617,0.587,0.030000000000000027,0.411,0.399,0.011999999999999955
"Hernández, César","514917","2020","261","177",0.283,0.273,0.009999999999999953,0.408,0.396,0.011999999999999955,0.335,0.33,0.0050000000000000044
"Story, Trevor","596115","2020","259","172",0.289,0.253,0.035999999999999976,0.519,0.457,0.062,0.37,0.335,0.034999999999999976
"Turner, Trea","607208","2020","259","199",0.335,0.303,0.03200000000000003,0.588,0.515,0.07299999999999995,0.413,0.383,0.02999999999999997
"Tatis Jr., Fernando","665487","2020","257","164",0.277,0.297,-0.019999999999999962,0.571,0.614,-0.04300000000000004,0.392,0.422,-0.02999999999999997
"Santana, Carlos","467793","2020","255","164",0.199,0.251,-0.05199999999999999,0.35,0.448,-0.09800000000000003,0.316,0.372,-0.055999999999999994
"Ramírez, José","608070","2020","254","177",0.292,0.264,0.02799999999999997,0.607,0.507,0.09999999999999998,0.415,0.373,0.04199999999999998
"Machado, Manny","592518","2020","254","191",0.304,0.304,0,0.58,0.545,0.03499999999999992,0.391,0.388,0.0030000000000000027
"Grisham, Trent","663757","2020","252","153",0.251,0.266,-0.015000000000000013,0.456,0.482,-0.025999999999999968,0.349,0.368,-0.019000000000000017
"Marte, Starling","516782","2020","250","188",0.281,0.264,0.017000000000000015,0.43,0.42,0.010000000000000009,0.333,0.326,0.007000000000000006
"Seager, Kyle","572122","2020","248","176",0.241,0.252,-0.01100000000000001,0.433,0.472,-0.03899999999999998,0.338,0.365,-0.02699999999999997
"Muncy, Max","571970","2020","248","145",0.192,0.229,-0.037000000000000005,0.389,0.473,-0.08399999999999996,0.316,0.36,-0.043999999999999984
"Devers, Rafael","646240","2020","248","165",0.263,0.256,0.007000000000000006,0.483,0.46,0.022999999999999965,0.337,0.328,0.009000000000000008
"Yelich, Christian","592885","2020","247","124",0.205,0.25,-0.04500000000000001,0.43,0.473,-0.04299999999999998,0.343,0.378,-0.034999999999999976
"Blackmon, Charlie","453568","2020","247","182",0.303,0.276,0.02699999999999997,0.448,0.426,0.02200000000000002,0.34,0.331,0.009000000000000008
"Betts, Mookie","605141","2020","246","182",0.292,0.283,0.009000000000000008,0.562,0.485,0.07700000000000007,0.39,0.362,0.028000000000000025
"Hiura, Keston","669374","2020","246","134",0.212,0.21,0.0020000000000000018,0.41,0.435,-0.025000000000000022,0.304,0.318,-0.014000000000000012
"Olson, Matt","621566","2020","245","133",0.195,0.224,-0.028999999999999998,0.424,0.453,-0.029000000000000026,0.316,0.34,-0.02400000000000002
"Harper, Bryce","547180","2020","244","150",0.268,0.308,-0.03999999999999998,0.542,0.658,-0.11599999999999999,0.4,0.454,-0.05399999999999999
"Guerrero Jr., Vladimir","665489","2020","243","183",0.262,0.268,-0.006000000000000005,0.462,0.446,0.016000000000000014,0.338,0.338,0
"Rizzo, Anthony","519203","2020","243","167",0.222,0.266,-0.04400000000000001,0.414,0.413,0.0010000000000000009,0.326,0.355,-0.02899999999999997
"Walker, Christian","572233","2020","243","171",0.271,0.266,0.0050000000000000044,0.459,0.454,0.0050000000000000044,0.339,0.339,0
"Canha, Mark","592192","2020","243","142",0.246,0.241,0.0050000000000000044,0.408,0.415,-0.007000000000000006,0.351,0.359,-0.008000000000000007
"Franco, Maikel","596748","2020","243","189",0.278,0.256,0.02200000000000002,0.457,0.398,0.059,0.329,0.307,0.02200000000000002
"Bellinger, Cody","641355","2020","243","171",0.239,0.284,-0.044999999999999984,0.455,0.494,-0.03899999999999998,0.337,0.374,-0.03699999999999998
"Lewis, Kyle","641786","2020","242","137",0.262,0.239,0.02300000000000002,0.437,0.433,0.0040000000000000036,0.349,0.344,0.0050000000000000044
"Castellanos, Nick","592206","2020","242","150",0.225,0.274,-0.049000000000000016,0.486,0.545,-0.05900000000000005,0.329,0.375,-0.045999999999999985
"Reyes, Franmil","614177","2020","241","147",0.275,0.245,0.030000000000000027,0.45,0.442,0.008000000000000007,0.341,0.342,-0.0010000000000000009
"Trout, Mike","545361","2020","241","147",0.281,0.291,-0.009999999999999953,0.603,0.612,-0.009000000000000008,0.407,0.428,-0.02100000000000002
"McCutchen, Andrew","457705","2020","241","170",0.253,0.276,-0.02300000000000002,0.433,0.484,-0.05099999999999999,0.327,0.358,-0.030999999999999972
"Alonso, Pete","624413","2020","239","148",0.231,0.225,0.006000000000000005,0.49,0.463,0.02699999999999997,0.342,0.334,0.008000000000000007
"Gregorius, Didi","544369","2020","237","190",0.284,0.263,0.020999999999999963,0.488,0.396,0.09199999999999997,0.348,0.311,0.03699999999999998
"Martinez, J.D.","502110","2020","237","154",0.213,0.229,-0.016000000000000014,0.389,0.443,-0.05399999999999999,0.29,0.318,-0.028000000000000025
"Semien, Marcus","543760","2020","236","161",0.223,0.209,0.014000000000000012,0.374,0.352,0.02200000000000002,0.299,0.287,0.01200000000000001
"Báez, Javier","595879","2020","235","149",0.203,0.213,-0.009999999999999981,0.36,0.38,-0.020000000000000018,0.256,0.275,-0.019000000000000017
"Voit, Luke","572228","2020","234","160",0.277,0.279,-0.0020000000000000018,0.61,0.586,0.02400000000000002,0.393,0.389,0.0040000000000000036
"Conforto, Michael","624424","2020","233","145",0.322,0.281,0.04099999999999998,0.515,0.478,0.03700000000000003,0.401,0.374,0.027000000000000024
"Solak, Nick","669256","2020","233","171",0.268,0.264,0.0040000000000000036,0.344,0.388,-0.04400000000000004,0.297,0.318,-0.02100000000000002
"Mondesi, Adalberto","609275","2020","233","151",0.256,0.215,0.04100000000000001,0.416,0.355,0.061,0.305,0.267,0.03799999999999998
"Seager, Corey","608369","2020","232","177",0.307,0.331,-0.02400000000000002,0.585,0.656,-0.07100000000000006,0.394,0.434,-0.03999999999999998
"Rendon, Anthony","543685","2020","232","158",0.286,0.287,-0.0010000000000000009,0.497,0.469,0.028000000000000025,0.395,0.39,0.0050000000000000044
"Crawford, J.P.","641487","2020","232","167",0.255,0.257,-0.0020000000000000018,0.338,0.36,-0.021999999999999964,0.303,0.318,-0.015000000000000013
"Alberto, Hanser","593643","2020","231","193",0.283,0.247,0.035999999999999976,0.393,0.319,0.07400000000000001,0.301,0.261,0.03999999999999998
"Moncada, Yoán","660162","2020","231","130",0.225,0.207,0.018000000000000016,0.385,0.336,0.04899999999999999,0.309,0.29,0.019000000000000017
"Happ, Ian","664023","2020","231","136",0.258,0.261,-0.0030000000000000027,0.505,0.469,0.03600000000000003,0.369,0.362,0.007000000000000006
"Grichuk, Randal","545341","2020","231","169",0.273,0.268,0.0050000000000000044,0.481,0.468,0.012999999999999956,0.334,0.333,0.0010000000000000009
"Goldschmidt, Paul","502671","2020","231","149",0.304,0.285,0.019000000000000017,0.466,0.51,-0.043999999999999984,0.387,0.396,-0.009000000000000008
"Rosario, Eddie","592696","2020","231","178",0.257,0.246,0.01100000000000001,0.476,0.437,0.03899999999999998,0.333,0.318,0.015000000000000013
"Cabrera, Miguel","408234","2020","231","155",0.25,0.288,-0.03799999999999998,0.417,0.52,-0.10300000000000004,0.323,0.379,-0.055999999999999994
"Suárez, Eugenio","553993","2020","231","132",0.202,0.216,-0.013999999999999985,0.47,0.472,-0.0020000000000000018,0.332,0.342,-0.010000000000000009
"Frazier, Adam","624428","2020","230","175",0.23,0.251,-0.02099999999999999,0.364,0.378,-0.014000000000000012,0.291,0.309,-0.018000000000000016
"Fletcher, David","664058","2020","230","185",0.319,0.292,0.027000000000000024,0.425,0.351,0.07400000000000001,0.35,0.316,0.033999999999999975
"Gurriel, Yuli","493329","2020","230","189",0.232,0.265,-0.033,0.384,0.408,-0.023999999999999966,0.281,0.318,-0.03699999999999998
"Anderson, Brian","605119","2020","229","135",0.255,0.227,0.027999999999999997,0.465,0.426,0.039000000000000035,0.348,0.324,0.023999999999999966
"Davis, J.D.","605204","2020","229","135",0.247,0.252,-0.0050000000000000044,0.389,0.424,-0.034999999999999976,0.339,0.355,-0.01599999999999996
"Kiner-Falefa, Isiah","643396","2020","228","180",0.28,0.26,0.020000000000000018,0.37,0.34,0.02999999999999997,0.307,0.294,0.013000000000000012
"Tucker, Kyle","663656","2020","228","164",0.268,0.261,0.007000000000000006,0.512,0.449,0.063,0.349,0.327,0.021999999999999964
"Calhoun, Kole","594777","2020","228","144",0.226,0.263,-0.037000000000000005,0.526,0.517,0.009000000000000008,0.362,0.379,-0.017000000000000015
"La Stella, Tommy","600303","2020","228","187",0.281,0.275,0.006000000000000005,0.449,0.423,0.026000000000000023,0.355,0.348,0.007000000000000006
"Robert Jr., Luis","673357","2020","227","131",0.233,0.221,0.01200000000000001,0.436,0.462,-0.026000000000000023,0.316,0.326,-0.010000000000000009
"Edman, Tommy","669242","2020","227","158",0.25,0.266,-0.016000000000000014,0.368,0.367,0.0010000000000000009,0.302,0.315,-0.013000000000000012
"Polanco, Jorge","593871","2020","226","177",0.258,0.263,-0.0050000000000000044,0.354,0.381,-0.027000000000000024,0.289,0.304,-0.015000000000000013
"Gallo, Joey","608336","2020","226","114",0.181,0.189,-0.008000000000000007,0.378,0.415,-0.03699999999999998,0.297,0.315,-0.018000000000000016
"Jiménez, Eloy","650391","2020","226","158",0.296,0.278,0.01799999999999996,0.559,0.54,0.019000000000000017,0.373,0.364,0.009000000000000008
"Yastrzemski, Mike","573262","2020","225","137",0.297,0.251,0.045999999999999985,0.568,0.488,0.07999999999999996,0.407,0.364,0.04299999999999998
"Contreras, Willson","575929","2020","225","134",0.243,0.249,-0.006000000000000005,0.407,0.441,-0.03400000000000003,0.336,0.353,-0.01699999999999996
"Bogaerts, Xander","593428","2020","225","163",0.3,0.258,0.04199999999999998,0.502,0.471,0.031000000000000028,0.368,0.34,0.02799999999999997
"Nimmo, Brandon","607043","2020","225","143",0.28,0.25,0.030000000000000027,0.484,0.423,0.061,0.387,0.359,0.028000000000000025
"Lowe, Brandon","664040","2020","224","137",0.269,0.261,0.008000000000000007,0.554,0.55,0.0040000000000000036,0.385,0.384,0.0010000000000000009
"Schwarber, Kyle","656941","2020","224","125",0.188,0.224,-0.036000000000000004,0.393,0.441,-0.04799999999999999,0.307,0.34,-0.03300000000000003
"Gurriel Jr., Lourdes","666971","2020","224","162",0.308,0.281,0.02699999999999997,0.534,0.486,0.04800000000000004,0.372,0.347,0.025000000000000022
"Votto, Joey","458015","2020","223","143",0.226,0.253,-0.026999999999999996,0.446,0.478,-0.03199999999999997,0.347,0.369,-0.02200000000000002
"Bell, Josh","605137","2020","223","140",0.226,0.228,-0.0020000000000000018,0.364,0.381,-0.017000000000000015,0.286,0.297,-0.01100000000000001
"Pillar, Kevin","607680","2020","223","167",0.288,0.272,0.01599999999999996,0.462,0.435,0.027000000000000024,0.341,0.328,0.013000000000000012
"Laureano, Ramón","657656","2020","222","128",0.213,0.23,-0.017000000000000015,0.366,0.403,-0.03700000000000003,0.315,0.338,-0.02300000000000002
"Springer, George","543807","2020","222","153",0.265,0.294,-0.02899999999999997,0.54,0.569,-0.028999999999999915,0.379,0.405,-0.026000000000000023
"Escobar, Eduardo","500871","2020","222","164",0.212,0.263,-0.05100000000000002,0.335,0.396,-0.061,0.257,0.306,-0.04899999999999999
"Anderson, Tim","641313","2020","221","159",0.322,0.286,0.03600000000000003,0.529,0.501,0.028000000000000025,0.376,0.352,0.02400000000000002
"Verdugo, Alex","657077","2020","221","157",0.308,0.238,0.07,0.478,0.369,0.10899999999999999,0.362,0.299,0.063
"Correa, Carlos","621043","2020","221","153",0.264,0.254,0.010000000000000009,0.383,0.402,-0.019000000000000017,0.308,0.315,-0.007000000000000006
"Myers, Wil","571976","2020","218","142",0.288,0.285,0.0030000000000000027,0.606,0.589,0.017000000000000015,0.4,0.396,0.0040000000000000036
"Peralta, David","444482","2020","218","160",0.3,0.26,0.03999999999999998,0.433,0.375,0.057999999999999996,0.333,0.299,0.03400000000000003
"Segura, Jean","516416","2020","217","148",0.266,0.25,0.016000000000000014,0.422,0.391,0.030999999999999972,0.333,0.318,0.015000000000000013
"Bradley Jr., Jackie","598265","2020","217","144",0.283,0.22,0.06299999999999997,0.45,0.368,0.08200000000000002,0.352,0.301,0.05099999999999999
"Ahmed, Nick","605113","2020","217","153",0.266,0.247,0.019000000000000017,0.402,0.377,0.025000000000000022,0.318,0.304,0.014000000000000012
"Núñez, Renato","600524","2020","216","132",0.256,0.227,0.028999999999999998,0.492,0.431,0.061,0.347,0.315,0.03199999999999997
"Aguilar, Jesús","542583","2020","216","152",0.277,0.271,0.006000000000000005,0.457,0.452,0.0050000000000000044,0.347,0.345,0.0020000000000000018
"LeMahieu, DJ","518934","2020","216","175",0.364,0.312,0.05199999999999999,0.59,0.46,0.12999999999999995,0.429,0.366,0.063
"Taylor, Chris","621035","2020","214","131",0.27,0.272,-0.0020000000000000018,0.476,0.488,-0.01200000000000001,0.364,0.371,-0.007000000000000006
"Cruz, Nelson","443558","2020","214","127",0.303,0.269,0.033999999999999975,0.595,0.545,0.04999999999999993,0.411,0.383,0.02799999999999997
"Reyes, Victor","622682","2020","213","157",0.277,0.287,-0.009999999999999953,0.391,0.43,-0.03899999999999998,0.307,0.329,-0.02200000000000002
"Flores, Wilmer","527038","2020","213","163",0.268,0.245,0.02300000000000002,0.515,0.43,0.08500000000000002,0.347,0.309,0.03799999999999998
"Cabrera, Asdrúbal","452678","2020","213","154",0.242,0.243,-0.0010000000000000009,0.447,0.429,0.018000000000000016,0.319,0.317,0.0020000000000000018
"Hicks, Aaron","543305","2020","211","131",0.225,0.256,-0.031,0.414,0.435,-0.02100000000000002,0.351,0.374,-0.02300000000000002
"Altuve, Jose","514888","2020","210","153",0.219,0.23,-0.01100000000000001,0.344,0.349,-0.0050000000000000044,0.278,0.288,-0.009999999999999953
"Pollock, AJ","572041","2020","210","153",0.276,0.269,0.007000000000000006,0.566,0.499,0.06699999999999995,0.364,0.345,0.019000000000000017
"Dickerson, Corey","572816","2020","210","159",0.258,0.248,0.010000000000000009,0.402,0.396,0.006000000000000005,0.308,0.305,0.0030000000000000027
"Reddick, Josh","502210","2020","210","147",0.245,0.246,-0.0010000000000000009,0.378,0.36,0.018000000000000016,0.304,0.303,0.0010000000000000009
"Longoria, Evan","446334","2020","209","157",0.254,0.282,-0.02799999999999997,0.425,0.524,-0.09900000000000003,0.308,0.364,-0.055999999999999994
"Duvall, Adam","594807","2020","209","137",0.237,0.228,0.00899999999999998,0.532,0.516,0.016000000000000014,0.348,0.342,0.00599999999999995
"McNeil, Jeff","643446","2020","209","162",0.311,0.277,0.033999999999999975,0.454,0.407,0.04700000000000004,0.36,0.337,0.022999999999999965
"Reynolds, Bryan","668804","2020","208","128",0.189,0.228,-0.03900000000000001,0.357,0.403,-0.04600000000000004,0.278,0.314,-0.035999999999999976
"Wong, Kolten","543939","2020","208","154",0.265,0.235,0.030000000000000027,0.326,0.306,0.020000000000000018,0.305,0.286,0.019000000000000017
"Hernández, Teoscar","606192","2020","207","128",0.289,0.296,-0.007000000000000006,0.579,0.614,-0.03500000000000003,0.384,0.401,-0.017000000000000015
"Villar, Jonathan","542340","2020","207","134",0.232,0.216,0.016000000000000014,0.292,0.287,0.0050000000000000044,0.266,0.261,0.0050000000000000044
"García, Avisaíl","541645","2020","207","132",0.238,0.244,-0.006000000000000005,0.326,0.375,-0.04899999999999999,0.296,0.317,-0.02100000000000002
"Riley, Austin","663586","2020","206","140",0.239,0.265,-0.026000000000000023,0.415,0.474,-0.059,0.307,0.342,-0.03500000000000003
"Tapia, Raimel","606132","2020","206","150",0.321,0.244,0.07700000000000001,0.402,0.325,0.07700000000000001,0.338,0.285,0.05300000000000005
"Candelario, Jeimer","600869","2020","206","136",0.297,0.277,0.019999999999999962,0.503,0.471,0.03200000000000003,0.373,0.356,0.017000000000000015
"Adames, Willy","642715","2020","205","111",0.259,0.229,0.03,0.481,0.394,0.08699999999999997,0.347,0.307,0.03999999999999998
"Sanó, Miguel","593934","2020","205","96",0.204,0.215,-0.01100000000000001,0.478,0.483,-0.0050000000000000044,0.317,0.326,-0.009000000000000008
"Ruiz, Rio","547004","2020","204","141",0.222,0.212,0.010000000000000009,0.427,0.356,0.07100000000000001,0.303,0.277,0.025999999999999968
"Solano, Donovan","456781","2020","203","152",0.326,0.278,0.04799999999999999,0.463,0.417,0.04600000000000004,0.357,0.32,0.03699999999999998
"Profar, Jurickson","595777","2020","202","155",0.278,0.282,-0.003999999999999948,0.428,0.411,0.017000000000000015,0.335,0.338,-0.0030000000000000027
"Acuña Jr., Ronald","660670","2020","202","100",0.25,0.254,-0.0040000000000000036,0.581,0.591,-0.010000000000000009,0.413,0.42,-0.007000000000000006
"White, Evan","657108","2020","202","99",0.176,0.19,-0.014000000000000012,0.346,0.387,-0.041000000000000036,0.261,0.292,-0.030999999999999972
"Arenado, Nolan","571448","2020","201","166",0.253,0.235,0.018000000000000016,0.434,0.392,0.04199999999999998,0.308,0.288,0.020000000000000018
"Moran, Colin","592567","2020","200","127",0.247,0.254,-0.007000000000000006,0.472,0.479,-0.007000000000000006,0.34,0.35,-0.009999999999999953
"Smith, Dominic","642086","2020","199","135",0.316,0.303,0.013000000000000012,0.616,0.566,0.050000000000000044,0.412,0.392,0.019999999999999962
"Gonzalez, Marwin","503556","2020","199","138",0.211,0.24,-0.028999999999999998,0.32,0.401,-0.08100000000000002,0.269,0.314,-0.044999999999999984
"Soto, Juan","665742","2020","196","126",0.351,0.332,0.01899999999999996,0.695,0.696,-0.0010000000000000009,0.478,0.475,0.0030000000000000027
"Kepler, Max","596146","2020","196","136",0.228,0.258,-0.03,0.439,0.425,0.014000000000000012,0.328,0.34,-0.01200000000000001
"Marte, Ketel","606466","2020","195","163",0.287,0.265,0.021999999999999964,0.409,0.381,0.02799999999999997,0.316,0.306,0.010000000000000009
"Realmuto, J.T.","592663","2020","195","125",0.266,0.246,0.020000000000000018,0.491,0.498,-0.007000000000000006,0.361,0.356,0.0050000000000000044
"Grandal, Yasmani","518735","2020","194","105",0.23,0.207,0.02300000000000002,0.422,0.403,0.01899999999999996,0.338,0.327,0.01100000000000001
"González, Erik","570481","2020","193","134",0.227,0.237,-0.009999999999999981,0.359,0.396,-0.03700000000000003,0.262,0.293,-0.030999999999999972
"McMahon, Ryan","641857","2020","193","107",0.215,0.203,0.011999999999999983,0.419,0.389,0.02999999999999997,0.308,0.296,0.01200000000000001
"Crawford, Brandon","543063","2020","193","127",0.256,0.235,0.02100000000000002,0.465,0.398,0.067,0.334,0.309,0.025000000000000022
"Cronenworth, Jake","630105","2020","192","143",0.285,0.317,-0.03200000000000003,0.477,0.535,-0.05800000000000005,0.356,0.393,-0.03700000000000003
"Lopez, Nicky","670032","2020","192","131",0.201,0.238,-0.03699999999999998,0.266,0.308,-0.04199999999999998,0.254,0.287,-0.032999999999999974
"Grossman, Robbie","543257","2020","192","128",0.241,0.24,0.0010000000000000009,0.482,0.399,0.08299999999999996,0.351,0.328,0.022999999999999965
"Robles, Victor","645302","2020","189","118",0.22,0.205,0.015000000000000013,0.315,0.28,0.034999999999999976,0.273,0.262,0.01100000000000001
"Arcia, Orlando","606115","2020","189","142",0.26,0.281,-0.02100000000000002,0.416,0.428,-0.01200000000000001,0.317,0.338,-0.02100000000000002
"Vázquez, Christian","543877","2020","189","130",0.283,0.222,0.06099999999999997,0.457,0.358,0.09900000000000003,0.346,0.285,0.061
"Brantley, Michael","488726","2020","187","142",0.3,0.26,0.03999999999999998,0.476,0.413,0.063,0.362,0.325,0.03699999999999998
"Dozier, Hunter","641531","2020","186","110",0.228,0.235,-0.0069999999999999785,0.392,0.385,0.007000000000000006,0.326,0.331,-0.0050000000000000044
"Hoskins, Rhys","656555","2020","185","108",0.245,0.237,0.008000000000000007,0.503,0.507,-0.0040000000000000036,0.382,0.381,0.0010000000000000009
"Tsutsugo, Yoshi","660294","2020","185","108",0.197,0.211,-0.013999999999999985,0.395,0.421,-0.025999999999999968,0.309,0.325,-0.016000000000000014
"d'Arnaud, Travis","518595","2020","184","116",0.321,0.3,0.02100000000000002,0.533,0.535,-0.0020000000000000018,0.392,0.385,0.007000000000000006
"Hampson, Garrett","641658","2020","184","111",0.234,0.23,0.0040000000000000036,0.383,0.391,-0.008000000000000007,0.29,0.297,-0.007000000000000006
"Nola, Austin","543592","2020","184","129",0.273,0.28,-0.007000000000000006,0.472,0.467,0.004999999999999949,0.352,0.361,-0.009000000000000008
"Gordon, Alex","460086","2020","184","126",0.209,0.23,-0.02100000000000002,0.307,0.352,-0.044999999999999984,0.275,0.301,-0.025999999999999968
"Wendle, Joey","621563","2020","184","134",0.286,0.256,0.02999999999999997,0.435,0.375,0.06,0.335,0.304,0.031000000000000028
"Winker, Jesse","608385","2020","183","104",0.255,0.265,-0.010000000000000009,0.544,0.524,0.020000000000000018,0.396,0.397,-0.0010000000000000009
"Akiyama, Shogo","673451","2020","183","121",0.245,0.244,0.0010000000000000009,0.297,0.326,-0.029000000000000026,0.304,0.315,-0.01100000000000001
"Canó, Robinson","429664","2020","182","148",0.316,0.297,0.019000000000000017,0.544,0.481,0.06300000000000006,0.376,0.353,0.02300000000000002
"Heyward, Jason","518792","2020","181","112",0.265,0.287,-0.021999999999999964,0.456,0.451,0.0050000000000000044,0.368,0.381,-0.013000000000000012
"Encarnación, Edwin","429665","2020","181","106",0.157,0.161,-0.0040000000000000036,0.377,0.366,0.01100000000000001,0.272,0.277,-0.0050000000000000044
"Bregman, Alex","608324","2020","180","128",0.242,0.249,-0.007000000000000006,0.451,0.389,0.062,0.345,0.332,0.012999999999999956
"Bohm, Alec","664761","2020","180","126",0.338,0.285,0.05300000000000005,0.481,0.467,0.013999999999999957,0.381,0.357,0.02400000000000002
"Shaw, Travis","543768","2020","180","114",0.239,0.241,-0.0020000000000000018,0.411,0.436,-0.025000000000000022,0.31,0.323,-0.013000000000000012
"Belt, Brandon","474832","2020","179","113",0.309,0.287,0.02200000000000002,0.591,0.597,-0.006000000000000005,0.427,0.422,0.0050000000000000044
"Goodrum, Niko","592348","2020","179","92",0.184,0.183,0.0010000000000000009,0.335,0.336,-0.0010000000000000009,0.262,0.265,-0.0030000000000000027
"Severino, Pedro","600474","2020","178","121",0.25,0.269,-0.019000000000000017,0.388,0.43,-0.04199999999999998,0.312,0.337,-0.025000000000000022
"Sánchez, Gary","596142","2020","178","92",0.147,0.193,-0.04600000000000001,0.365,0.43,-0.065,0.271,0.314,-0.04299999999999998
"Dubón, Mauricio","643289","2020","177","124",0.274,0.256,0.018000000000000016,0.389,0.402,-0.013000000000000012,0.318,0.319,-0.0010000000000000009
"Schoop, Jonathan","570731","2020","177","125",0.278,0.243,0.03500000000000003,0.475,0.389,0.08599999999999997,0.34,0.3,0.040000000000000036
"Eaton, Adam","594809","2020","176","131",0.226,0.248,-0.021999999999999992,0.384,0.389,-0.0050000000000000044,0.287,0.303,-0.016000000000000014
"Turner, Justin","457759","2020","175","125",0.307,0.298,0.009000000000000008,0.46,0.551,-0.09100000000000003,0.376,0.403,-0.027000000000000024
"Ohtani, Shohei","660271","2020","175","103",0.19,0.234,-0.04400000000000001,0.366,0.423,-0.056999999999999995,0.29,0.331,-0.041000000000000036
"Soler, Jorge","624585","2020","174","90",0.228,0.243,-0.014999999999999986,0.443,0.487,-0.043999999999999984,0.332,0.354,-0.021999999999999964
"DeJong, Paul","657557","2020","174","106",0.25,0.238,0.01200000000000001,0.349,0.406,-0.05700000000000005,0.296,0.315,-0.019000000000000017
"Urshela, Gio","570482","2020","174","130",0.298,0.314,-0.016000000000000014,0.49,0.491,-0.0010000000000000009,0.365,0.379,-0.014000000000000012
"Polanco, Gregory","570256","2020","174","95",0.153,0.223,-0.07,0.325,0.417,-0.09199999999999997,0.232,0.301,-0.06899999999999998
"Newman, Kevin","621028","2020","172","138",0.224,0.253,-0.028999999999999998,0.276,0.337,-0.061,0.251,0.29,-0.03899999999999998
"Frazier, Todd","453943","2020","172","115",0.236,0.225,0.010999999999999982,0.382,0.37,0.01200000000000001,0.3,0.294,0.006000000000000005
"Piscotty, Stephen","572039","2020","171","108",0.226,0.237,-0.010999999999999982,0.358,0.398,-0.040000000000000036,0.273,0.293,-0.019999999999999962
"Miller, Brad","543543","2020","171","97",0.232,0.252,-0.01999999999999999,0.451,0.481,-0.02999999999999997,0.349,0.377,-0.028000000000000025
"Dickerson, Alex","543105","2020","170","122",0.298,0.268,0.02999999999999997,0.576,0.494,0.08199999999999996,0.394,0.356,0.038000000000000034
"Carpenter, Matt","572761","2020","169","92",0.186,0.209,-0.022999999999999993,0.314,0.4,-0.08600000000000002,0.293,0.33,-0.03700000000000003
"Upton, Justin","457708","2020","166","105",0.204,0.228,-0.02400000000000002,0.422,0.43,-0.008000000000000007,0.307,0.329,-0.02200000000000002
"Santander, Anthony","623993","2020","165","128",0.261,0.287,-0.025999999999999968,0.575,0.516,0.05899999999999994,0.364,0.358,0.006000000000000005
"Maldonado, Martín","455117","2020","165","86",0.215,0.202,0.012999999999999984,0.378,0.357,0.02100000000000002,0.326,0.316,0.010000000000000009
"Goodwin, Brian","571718","2020","164","92",0.215,0.212,0.0030000000000000027,0.417,0.381,0.035999999999999976,0.305,0.298,0.007000000000000006
"Pujols, Albert","405395","2020","163","128",0.224,0.248,-0.023999999999999994,0.395,0.401,-0.006000000000000005,0.282,0.299,-0.017000000000000015
"Moustakas, Mike","519058","2020","163","105",0.23,0.24,-0.009999999999999981,0.468,0.43,0.038000000000000034,0.34,0.335,0.0050000000000000044
"Torres, Gleyber","650402","2020","160","108",0.243,0.245,-0.0020000000000000018,0.368,0.384,-0.016000000000000014,0.326,0.335,-0.009000000000000008
"Frazier, Clint","640449","2020","160","88",0.267,0.246,0.02100000000000002,0.511,0.447,0.064,0.388,0.363,0.025000000000000022
"Galvis, Freddy","520471","2020","159","111",0.22,0.22,0,0.404,0.36,0.04400000000000004,0.312,0.301,0.01100000000000001
"Moore, Dylan","664238","2020","159","94",0.255,0.251,0.0040000000000000036,0.496,0.464,0.03199999999999997,0.368,0.357,0.01100000000000001
"Kiermaier, Kevin","595281","2020","159","96",0.217,0.249,-0.032,0.362,0.377,-0.015000000000000013,0.301,0.325,-0.02400000000000002
"Margot, Manuel","622534","2020","159","121",0.269,0.26,0.009000000000000008,0.352,0.381,-0.029000000000000026,0.301,0.309,-0.008000000000000007
"Gardner, Brett","458731","2020","158","96",0.223,0.226,-0.0030000000000000027,0.392,0.37,0.02200000000000002,0.332,0.327,0.0050000000000000044
"Chavis, Michael","656308","2020","158","98",0.212,0.229,-0.017000000000000015,0.377,0.394,-0.017000000000000015,0.272,0.294,-0.021999999999999964
"O'Neill, Tyler","641933","2020","157","97",0.173,0.195,-0.02200000000000002,0.36,0.379,-0.019000000000000017,0.271,0.29,-0.01899999999999996
"Perez, Salvador","521692","2020","156","115",0.333,0.319,0.014000000000000012,0.633,0.622,0.01100000000000001,0.41,0.406,0.003999999999999948
"Molina, Yadier","425877","2020","156","126",0.262,0.254,0.008000000000000007,0.359,0.385,-0.026000000000000023,0.29,0.298,-0.008000000000000007
"Hosmer, Eric","543333","2020","156","117",0.287,0.284,0.0030000000000000027,0.517,0.52,-0.0030000000000000027,0.359,0.366,-0.007000000000000006
"Ramos, Wilson","467092","2020","155","112",0.239,0.247,-0.008000000000000007,0.387,0.419,-0.03199999999999997,0.297,0.316,-0.019000000000000017
"France, Ty","664034","2020","155","104",0.305,0.285,0.020000000000000018,0.468,0.484,-0.01599999999999996,0.362,0.36,0.0020000000000000018
"Mullins, Cedric","656775","2020","153","107",0.271,0.214,0.05700000000000002,0.407,0.297,0.10999999999999999,0.313,0.251,0.062
"Meadows, Austin","640457","2020","152","84",0.205,0.186,0.01899999999999999,0.371,0.344,0.027000000000000024,0.292,0.278,0.013999999999999957
"Chapman, Matt","656305","2020","152","89",0.232,0.245,-0.012999999999999984,0.535,0.542,-0.007000000000000006,0.335,0.35,-0.014999999999999958
"Moreland, Mitch","519048","2020","152","104",0.265,0.236,0.029000000000000026,0.551,0.476,0.07500000000000007,0.372,0.335,0.03699999999999998
"Lopes, Tim","621005","2020","151","109",0.238,0.235,0.0030000000000000027,0.364,0.347,0.017000000000000015,0.279,0.276,0.0030000000000000027
"Valaika, Pat","642162","2020","150","108",0.277,0.26,0.017000000000000015,0.475,0.456,0.01899999999999996,0.337,0.323,0.014000000000000012
"Iglesias, Jose","578428","2020","150","126",0.373,0.359,0.014000000000000012,0.556,0.502,0.05400000000000005,0.407,0.387,0.019999999999999962
"Berti, Jon","542932","2020","149","86",0.258,0.241,0.017000000000000015,0.35,0.316,0.033999999999999975,0.337,0.323,0.014000000000000012
"Mazara, Nomar","608577","2020","149","92",0.228,0.222,0.006000000000000005,0.294,0.364,-0.07,0.267,0.291,-0.023999999999999966
"Hernández, Enrique","571771","2020","148","109",0.23,0.224,0.006000000000000005,0.41,0.383,0.02699999999999997,0.29,0.29,0
"Odor, Rougned","596059","2020","148","93",0.167,0.195,-0.027999999999999997,0.413,0.423,-0.010000000000000009,0.259,0.282,-0.022999999999999965
"Joyce, Matt","459964","2020","148","87",0.252,0.227,0.024999999999999994,0.331,0.337,-0.006000000000000005,0.31,0.31,0
"Rosario, Amed","642708","2020","147","109",0.252,0.233,0.01899999999999999,0.371,0.34,0.030999999999999972,0.277,0.261,0.016000000000000014
"Jansen, Danny","643376","2020","147","93",0.183,0.247,-0.064,0.358,0.439,-0.08100000000000002,0.3,0.354,-0.05399999999999999
"Bryant, Kris","592178","2020","147","91",0.206,0.202,0.003999999999999976,0.351,0.348,0.0030000000000000027,0.285,0.284,0.0010000000000000009
"Bote, David","623520","2020","145","86",0.2,0.227,-0.026999999999999996,0.408,0.412,-0.0040000000000000036,0.309,0.325,-0.016000000000000014
"Choi, Ji Man","596847","2020","145","89",0.23,0.193,0.037000000000000005,0.41,0.303,0.10699999999999998,0.316,0.276,0.03999999999999998
"Stallings, Jacob","607732","2020","143","88",0.248,0.205,0.04300000000000001,0.376,0.323,0.05299999999999999,0.309,0.277,0.03199999999999997
"Rojas, Miguel","500743","2020","143","107",0.304,0.277,0.02699999999999997,0.496,0.384,0.11199999999999999,0.379,0.332,0.046999999999999986
"Braun, Ryan","460075","2020","141","103",0.233,0.274,-0.04100000000000001,0.488,0.477,0.01100000000000001,0.322,0.342,-0.020000000000000018
"Naquin, Tyler","571980","2020","141","95",0.218,0.265,-0.047000000000000014,0.383,0.473,-0.08999999999999997,0.268,0.326,-0.057999999999999996
"Markakis, Nick","455976","2020","141","107",0.254,0.276,-0.02200000000000002,0.392,0.364,0.028000000000000025,0.307,0.31,-0.0030000000000000027
"Panik, Joe","605412","2020","141","93",0.225,0.246,-0.02099999999999999,0.3,0.348,-0.04799999999999999,0.296,0.322,-0.026000000000000023
"Murphy, Sean","669221","2020","140","79",0.233,0.217,0.016000000000000014,0.457,0.44,0.017000000000000015,0.358,0.348,0.010000000000000009
"Mountcastle, Ryan","663624","2020","140","98",0.333,0.266,0.067,0.492,0.43,0.062,0.377,0.328,0.04899999999999999
"Castro, Willi","650489","2020","140","94",0.349,0.307,0.04199999999999998,0.55,0.512,0.038000000000000034,0.393,0.368,0.025000000000000022
"Thames, Eric","519346","2020","140","81",0.203,0.219,-0.015999999999999986,0.317,0.379,-0.062,0.276,0.305,-0.02899999999999997
"Renfroe, Hunter","592669","2020","139","86",0.156,0.204,-0.04799999999999999,0.393,0.438,-0.044999999999999984,0.277,0.318,-0.04099999999999998
"García Jr., Luis","671277","2020","139","105",0.276,0.267,0.009000000000000008,0.366,0.377,-0.01100000000000001,0.291,0.296,-0.0050000000000000044
"Díaz, Yandy","650490","2020","138","97",0.307,0.247,0.06,0.386,0.325,0.061,0.367,0.327,0.03999999999999998
"Pederson, Joc","592626","2020","138","87",0.19,0.237,-0.046999999999999986,0.397,0.45,-0.05299999999999999,0.297,0.339,-0.04200000000000004
"Smith, Will","669257","2020","137","93",0.289,0.293,-0.0040000000000000036,0.579,0.539,0.039999999999999925,0.411,0.407,0.0040000000000000036
"Vogelbach, Daniel","596129","2020","136","82",0.209,0.229,-0.020000000000000018,0.391,0.411,-0.019999999999999962,0.317,0.335,-0.018000000000000016
"Buxton, Byron","621439","2020","135","96",0.254,0.249,0.0050000000000000044,0.577,0.548,0.028999999999999915,0.345,0.335,0.009999999999999953
"Gyorko, Jedd","576397","2020","135","81",0.248,0.249,-0.0010000000000000009,0.504,0.505,-0.0010000000000000009,0.351,0.357,-0.006000000000000005
"Kipnis, Jason","543401","2020","135","75",0.237,0.18,0.056999999999999995,0.404,0.332,0.07200000000000001,0.326,0.282,0.04400000000000004
"Romine, Austin","519222","2020","135","84",0.238,0.207,0.031,0.323,0.296,0.027000000000000024,0.253,0.231,0.021999999999999992
"Taveras, Leody","665750","2020","134","77",0.227,0.232,-0.0050000000000000044,0.395,0.375,0.020000000000000018,0.307,0.305,0.0020000000000000018
"Hays, Austin","669720","2020","134","99",0.279,0.245,0.03400000000000003,0.393,0.355,0.038000000000000034,0.315,0.292,0.02300000000000002
"Cooper, Garrett","643265","2020","133","89",0.283,0.303,-0.020000000000000018,0.5,0.518,-0.018000000000000016,0.365,0.383,-0.018000000000000016
"Caratini, Victor","605170","2020","132","85",0.241,0.216,0.024999999999999994,0.328,0.318,0.010000000000000009,0.297,0.285,0.01200000000000001
"Adell, Jo","666176","2020","132","69",0.161,0.177,-0.015999999999999986,0.266,0.293,-0.02699999999999997,0.212,0.232,-0.020000000000000018
"Giménez, Andrés","665926","2020","132","91",0.263,0.245,0.018000000000000016,0.398,0.358,0.040000000000000036,0.321,0.303,0.018000000000000016
"Murphy, Daniel","502517","2020","132","103",0.236,0.238,-0.0020000000000000018,0.333,0.345,-0.011999999999999955,0.259,0.267,-0.008000000000000007
"O'Hearn, Ryan","656811","2020","132","77",0.195,0.23,-0.035,0.301,0.384,-0.08300000000000002,0.269,0.317,-0.04799999999999999
"Kemp, Matt","461314","2020","132","76",0.239,0.226,0.012999999999999984,0.419,0.43,-0.01100000000000001,0.322,0.321,0.0010000000000000009
"Smoak, Justin","475253","2020","132","78",0.176,0.187,-0.01100000000000001,0.361,0.327,0.033999999999999975,0.265,0.26,0.0050000000000000044
"Inciarte, Ender","542255","2020","131","94",0.19,0.211,-0.02099999999999999,0.25,0.261,-0.01100000000000001,0.233,0.253,-0.01999999999999999
"Kelly, Carson","608348","2020","129","93",0.221,0.222,-0.0010000000000000009,0.385,0.355,0.030000000000000027,0.279,0.27,0.009000000000000008
"Suzuki, Kurt","435559","2020","129","95",0.27,0.243,0.027000000000000024,0.396,0.348,0.04800000000000004,0.326,0.308,0.018000000000000016
"Bichette, Bo","666182","2020","128","96",0.301,0.292,0.009000000000000008,0.512,0.532,-0.020000000000000018,0.353,0.359,-0.006000000000000005
"Long Jr., Shed","643418","2020","128","80",0.171,0.175,-0.003999999999999976,0.291,0.304,-0.013000000000000012,0.238,0.248,-0.010000000000000009
"Sogard, Eric","519299","2020","128","96",0.209,0.256,-0.047000000000000014,0.278,0.312,-0.033999999999999975,0.254,0.29,-0.035999999999999976
"Simmons, Andrelton","592743","2020","127","102",0.297,0.238,0.059,0.356,0.281,0.07499999999999996,0.313,0.262,0.05099999999999999
"Choo, Shin-Soo","425783","2020","127","79",0.236,0.254,-0.018000000000000016,0.4,0.455,-0.05499999999999999,0.312,0.34,-0.028000000000000025
"Gamel, Ben","592325","2020","127","75",0.237,0.267,-0.030000000000000027,0.404,0.407,-0.002999999999999947,0.313,0.33,-0.017000000000000015
"Camargo, Johan","622666","2020","127","85",0.2,0.184,0.016000000000000014,0.367,0.316,0.05099999999999999,0.262,0.24,0.02200000000000002
"Tellez, Rowdy","642133","2020","127","95",0.283,0.283,0,0.54,0.508,0.03200000000000003,0.369,0.368,0.0010000000000000009
"Hoerner, Nico","663538","2020","126","86",0.222,0.243,-0.02099999999999999,0.259,0.315,-0.055999999999999994,0.265,0.297,-0.03199999999999997
"Narváez, Omar","553882","2020","126","69",0.176,0.172,0.0040000000000000036,0.269,0.294,-0.024999999999999967,0.262,0.269,-0.007000000000000006
"Pham, Tommy","502054","2020","125","82",0.211,0.257,-0.04600000000000001,0.312,0.45,-0.138,0.284,0.353,-0.069
"Bader, Harrison","664056","2020","125","67",0.226,0.196,0.03,0.443,0.418,0.025000000000000022,0.337,0.324,0.013000000000000012
"Albies, Ozzie","645277","2020","124","88",0.271,0.234,0.037000000000000005,0.466,0.411,0.05500000000000005,0.329,0.294,0.03500000000000003
"Kingery, Scott","664068","2020","124","79",0.159,0.221,-0.062,0.283,0.404,-0.12100000000000005,0.227,0.302,-0.07499999999999998
"Cave, Jake","595909","2020","123","69",0.221,0.213,0.008000000000000007,0.389,0.332,0.056999999999999995,0.293,0.272,0.020999999999999963
"Kieboom, Carter","666198","2020","122","67",0.202,0.18,0.02200000000000002,0.212,0.22,-0.008000000000000007,0.275,0.274,0.0010000000000000009
"Sisco, Chance","642082","2020","121","57",0.214,0.194,0.01999999999999999,0.378,0.376,0.0020000000000000018,0.335,0.327,0.008000000000000007
"Arraez, Luis","650333","2020","121","102",0.321,0.31,0.01100000000000001,0.402,0.453,-0.05099999999999999,0.335,0.357,-0.021999999999999964
"Urías, Luis","649966","2020","120","77",0.239,0.225,0.013999999999999985,0.294,0.292,0.0020000000000000018,0.273,0.27,0.0030000000000000027
"Peraza, José","606299","2020","120","94",0.225,0.241,-0.015999999999999986,0.342,0.36,-0.01799999999999996,0.27,0.291,-0.020999999999999963
"DeShields, Delino","592261","2020","120","82",0.252,0.225,0.026999999999999996,0.318,0.303,0.015000000000000013,0.28,0.267,0.013000000000000012
"Gomes, Yan","543228","2020","119","90",0.284,0.283,0.0010000000000000009,0.468,0.462,0.006000000000000005,0.332,0.338,-0.006000000000000005
"Carlson, Dylan","666185","2020","119","76",0.2,0.245,-0.044999999999999984,0.364,0.441,-0.07700000000000001,0.264,0.314,-0.04999999999999999
"Quinn, Roman","596451","2020","116","70",0.213,0.21,0.0030000000000000027,0.315,0.282,0.03300000000000003,0.254,0.245,0.009000000000000008
"Tucker, Cole","657061","2020","116","80",0.22,0.192,0.027999999999999997,0.275,0.253,0.02200000000000002,0.233,0.215,0.018000000000000016
"Marmolejos, José","592530","2020","115","75",0.206,0.234,-0.028000000000000025,0.411,0.449,-0.038000000000000034,0.287,0.317,-0.030000000000000027
"Varsho, Daulton","662139","2020","115","68",0.188,0.196,-0.008000000000000007,0.366,0.347,0.019000000000000017,0.287,0.288,-0.0010000000000000009
"Judge, Aaron","592450","2020","114","69",0.257,0.265,-0.008000000000000007,0.554,0.545,0.009000000000000008,0.375,0.378,-0.0030000000000000027
"Hilliard, Sam","656541","2020","114","63",0.21,0.193,0.016999999999999987,0.438,0.345,0.09300000000000003,0.301,0.266,0.034999999999999976
"Kemp, Tony","643393","2020","114","82",0.247,0.256,-0.009000000000000008,0.301,0.349,-0.04799999999999999,0.307,0.329,-0.02200000000000002
"Mendick, Danny","664901","2020","114","83",0.243,0.222,0.02099999999999999,0.383,0.311,0.07200000000000001,0.285,0.257,0.02799999999999997
"Brinson, Lewis","621446","2020","112","76",0.226,0.247,-0.02099999999999999,0.368,0.39,-0.02200000000000002,0.275,0.296,-0.020999999999999963
"Stewart, DJ","621466","2020","112","52",0.193,0.192,0.0010000000000000009,0.455,0.392,0.063,0.353,0.336,0.01699999999999996
"Andrus, Elvis","462101","2020","111","88",0.194,0.234,-0.04000000000000001,0.33,0.389,-0.059,0.255,0.295,-0.03999999999999998
"Bart, Joey","663698","2020","111","62",0.233,0.2,0.033,0.32,0.292,0.028000000000000025,0.271,0.248,0.02300000000000002
"Tauchman, Mike","643565","2020","111","70",0.242,0.253,-0.01100000000000001,0.305,0.324,-0.019000000000000017,0.286,0.3,-0.014000000000000012
"McCann, James","543510","2020","111","69",0.289,0.256,0.032999999999999974,0.536,0.455,0.08100000000000002,0.378,0.343,0.034999999999999976
"Pérez, Roberto","547379","2020","110","59",0.165,0.198,-0.033,0.216,0.281,-0.06500000000000003,0.228,0.267,-0.03900000000000001
"Barnhart, Tucker","571466","2020","110","70",0.204,0.226,-0.02200000000000002,0.388,0.408,-0.019999999999999962,0.296,0.315,-0.019000000000000017
"Wolters, Tony","547172","2020","109","72",0.23,0.265,-0.035,0.27,0.346,-0.07599999999999996,0.249,0.294,-0.044999999999999984
"Madrigal, Nick","663611","2020","109","96",0.34,0.302,0.038000000000000034,0.369,0.355,0.014000000000000012,0.332,0.314,0.018000000000000016
"Jones, JaCoby","592444","2020","108","64",0.268,0.24,0.028000000000000025,0.515,0.425,0.09000000000000002,0.358,0.321,0.03699999999999998
"Walsh, Jared","665120","2020","108","87",0.293,0.272,0.020999999999999963,0.646,0.531,0.11499999999999999,0.393,0.355,0.038000000000000034
"Calhoun, Willie","641432","2020","108","85",0.19,0.194,-0.0040000000000000036,0.26,0.271,-0.01100000000000001,0.217,0.234,-0.017000000000000015
"Paredes, Isaac","670623","2020","108","76",0.22,0.212,0.008000000000000007,0.29,0.273,0.01699999999999996,0.255,0.247,0.008000000000000007
"Rengifo, Luis","650859","2020","106","66",0.156,0.184,-0.027999999999999997,0.2,0.252,-0.05199999999999999,0.227,0.259,-0.032
"Holt, Brock","571788","2020","106","72",0.211,0.22,-0.009000000000000008,0.274,0.286,-0.011999999999999955,0.253,0.265,-0.01200000000000001
"Wade, Tyler","642180","2020","105","68",0.17,0.242,-0.07199999999999998,0.307,0.326,-0.019000000000000017,0.271,0.31,-0.03899999999999998
"Stassi, Max","545358","2020","105","72",0.278,0.27,0.008000000000000007,0.533,0.567,-0.03399999999999992,0.37,0.39,-0.020000000000000018
"Slater, Austin","596103","2020","104","64",0.282,0.303,-0.02100000000000002,0.506,0.54,-0.03400000000000003,0.395,0.416,-0.020999999999999963
"Naylor, Josh","647304","2020","104","85",0.247,0.275,-0.028000000000000025,0.33,0.383,-0.05299999999999999,0.274,0.309,-0.034999999999999976
"Barnes, Austin","605131","2020","104","65",0.244,0.193,0.05099999999999999,0.314,0.279,0.034999999999999976,0.306,0.274,0.03199999999999997
"Bruce, Jay","457803","2020","103","72",0.198,0.237,-0.03899999999999998,0.469,0.472,-0.0030000000000000027,0.297,0.322,-0.025000000000000022
"Fuentes, Joshua","658069","2020","103","71",0.306,0.254,0.05199999999999999,0.439,0.341,0.09799999999999998,0.323,0.27,0.05299999999999999
"Donaldson, Josh","518626","2020","102","58",0.222,0.213,0.009000000000000008,0.469,0.418,0.05099999999999999,0.362,0.347,0.015000000000000013
"Gosselin, Phil","594838","2020","102","65",0.25,0.238,0.01200000000000001,0.402,0.359,0.04300000000000004,0.313,0.295,0.018000000000000016
"Ward, Taylor","621493","2020","102","66",0.277,0.25,0.027000000000000024,0.383,0.396,-0.013000000000000012,0.314,0.309,0.0050000000000000044
"Maybin, Cameron","457727","2020","101","68",0.247,0.241,0.006000000000000005,0.387,0.376,0.01100000000000001,0.302,0.298,0.0040000000000000036
"Adrianza, Ehire","501303","2020","101","66",0.191,0.204,-0.012999999999999984,0.27,0.312,-0.04199999999999998,0.257,0.279,-0.02200000000000002
"Fowler, Dexter","451594","2020","101","62",0.233,0.214,0.019000000000000017,0.389,0.351,0.038000000000000034,0.31,0.292,0.018000000000000016
"Olivares, Edward","658668","2020","101","72",0.24,0.26,-0.020000000000000018,0.375,0.366,0.009000000000000008,0.275,0.286,-0.010999999999999954
"Ruf, Darin","573131","2020","100","64",0.276,0.253,0.02300000000000002,0.517,0.458,0.059,0.379,0.353,0.026000000000000023
"Kendrick, Howie","435062","2020","100","76",0.275,0.282,-0.006999999999999951,0.385,0.45,-0.065,0.298,0.332,-0.03400000000000003
"Alfaro, Jorge","595751","2020","100","57",0.226,0.22,0.006000000000000005,0.344,0.379,-0.03500000000000003,0.271,0.283,-0.011999999999999955
"Lamb, Jake","571875","2020","99","63",0.193,0.237,-0.043999999999999984,0.352,0.427,-0.07500000000000001,0.281,0.328,-0.046999999999999986
"Davis, Khris","501981","2020","99","60",0.2,0.221,-0.02099999999999999,0.329,0.407,-0.07799999999999996,0.284,0.32,-0.03600000000000003
"Taylor, Michael A.","572191","2020","99","65",0.196,0.229,-0.033,0.424,0.48,-0.055999999999999994,0.287,0.325,-0.038000000000000034
"Stewart, Christin","621514","2020","99","61",0.167,0.208,-0.04099999999999998,0.3,0.365,-0.065,0.23,0.274,-0.04400000000000001
"Dahl, David","621311","2020","99","66",0.183,0.202,-0.019000000000000017,0.247,0.289,-0.04199999999999998,0.208,0.234,-0.026000000000000023
"Brosseau, Mike","670712","2020","98","56",0.302,0.226,0.07599999999999998,0.558,0.42,0.13800000000000007,0.394,0.318,0.07600000000000001
"Martínez, José","500874","2020","98","61",0.182,0.218,-0.036000000000000004,0.295,0.356,-0.061,0.248,0.288,-0.03999999999999998
"Toro, Abraham","647351","2020","97","64",0.149,0.22,-0.07100000000000001,0.276,0.326,-0.04999999999999999,0.234,0.284,-0.04999999999999996
"Hayes, Ke'Bryan","663647","2020","95","65",0.376,0.297,0.07900000000000001,0.682,0.492,0.19000000000000006,0.464,0.367,0.09700000000000003
"Sandoval, Pablo","467055","2020","94","66",0.214,0.236,-0.021999999999999992,0.262,0.347,-0.08499999999999996,0.252,0.292,-0.03999999999999998
"Stanton, Giancarlo","519317","2020","94","49",0.25,0.295,-0.044999999999999984,0.5,0.539,-0.039000000000000035,0.379,0.413,-0.033999999999999975
"Bonifacio, Jorge","593528","2020","94","61",0.221,0.203,0.017999999999999988,0.326,0.301,0.025000000000000022,0.266,0.255,0.01100000000000001
"Casali, Curt","592200","2020","93","47",0.224,0.185,0.03900000000000001,0.5,0.341,0.15899999999999997,0.372,0.308,0.064
"Engel, Adam","641553","2020","93","69",0.295,0.259,0.035999999999999976,0.477,0.385,0.09199999999999997,0.347,0.3,0.046999999999999986
"Mercado, Óscar","640458","2020","93","61",0.128,0.158,-0.03,0.174,0.227,-0.05300000000000002,0.159,0.193,-0.034
"Pérez, Michael","605421","2020","93","58",0.167,0.231,-0.064,0.238,0.404,-0.16600000000000004,0.217,0.303,-0.086
"Castro, Jason","488771","2020","92","47",0.188,0.237,-0.04899999999999999,0.375,0.485,-0.10999999999999999,0.294,0.352,-0.057999999999999996
"Luplow, Jordan","656669","2020","92","60",0.192,0.199,-0.007000000000000006,0.359,0.362,-0.0030000000000000027,0.293,0.3,-0.007000000000000006
"Dalbec, Bobby","666915","2020","92","41",0.263,0.199,0.064,0.6,0.532,0.06799999999999995,0.4,0.351,0.049000000000000044
"Haseley, Adam","656514","2020","92","66",0.278,0.267,0.01100000000000001,0.342,0.34,0.0020000000000000018,0.305,0.303,0.0020000000000000018
"Harrison, Josh","543281","2020","91","69",0.278,0.302,-0.023999999999999966,0.418,0.454,-0.03600000000000003,0.335,0.362,-0.02699999999999997
"Plawecki, Kevin","608700","2020","89","68",0.341,0.269,0.07200000000000001,0.463,0.386,0.07700000000000001,0.373,0.315,0.057999999999999996
"Ervin, Phillip","640447","2020","89","52",0.149,0.166,-0.017000000000000015,0.189,0.198,-0.009000000000000008,0.239,0.251,-0.01200000000000001
"Knapp, Andrew","595284","2020","89","54",0.278,0.264,0.014000000000000012,0.444,0.415,0.029000000000000026,0.372,0.366,0.006000000000000005
"Guzmán, Ronald","608597","2020","86","54",0.244,0.237,0.007000000000000006,0.436,0.419,0.017000000000000015,0.323,0.318,0.0050000000000000044
"Straw, Myles","664702","2020","86","60",0.207,0.222,-0.015000000000000013,0.256,0.322,-0.066,0.223,0.255,-0.032
"McBroom, Ryan","643436","2020","85","51",0.247,0.215,0.032,0.506,0.455,0.05099999999999999,0.33,0.3,0.030000000000000027
"Santana, Domingo","570267","2020","84","45",0.157,0.193,-0.036000000000000004,0.286,0.345,-0.059,0.271,0.307,-0.035999999999999976
"Ford, Mike","645801","2020","84","59",0.135,0.236,-0.10099999999999998,0.27,0.398,-0.128,0.224,0.315,-0.091
"Zunino, Mike","572287","2020","84","38",0.147,0.159,-0.01200000000000001,0.36,0.418,-0.057999999999999996,0.261,0.288,-0.02699999999999997
"Ríos, Edwin","621458","2020","83","59",0.25,0.282,-0.03199999999999997,0.645,0.631,0.014000000000000012,0.385,0.397,-0.01200000000000001
"Hedges, Austin","595978","2020","83","52",0.145,0.204,-0.059,0.29,0.33,-0.040000000000000036,0.232,0.277,-0.04500000000000001
"Trevino, Jose","624431","2020","83","64",0.25,0.244,0.006000000000000005,0.434,0.447,-0.013000000000000012,0.3,0.319,-0.019000000000000017
"Locastro, Tim","641796","2020","82","56",0.29,0.271,0.01899999999999996,0.464,0.377,0.08700000000000002,0.376,0.344,0.03200000000000003
"Osuna, José","591741","2020","82","62",0.205,0.266,-0.061000000000000026,0.397,0.472,-0.07499999999999996,0.273,0.33,-0.056999999999999995
"Chirinos, Robinson","455139","2020","82","54",0.162,0.168,-0.006000000000000005,0.243,0.257,-0.014000000000000012,0.216,0.231,-0.015000000000000013
"Strange-Gordon, Dee","543829","2020","82","62",0.2,0.232,-0.032,0.213,0.266,-0.05300000000000002,0.226,0.262,-0.036000000000000004
"León, Sandy","506702","2020","81","45",0.136,0.181,-0.044999999999999984,0.242,0.314,-0.07200000000000001,0.259,0.301,-0.04199999999999998
"Garver, Mitch","641598","2020","81","36",0.167,0.17,-0.0030000000000000027,0.264,0.278,-0.014000000000000012,0.232,0.24,-0.00799999999999998
"Vogt, Stephen","519390","2020","81","55",0.167,0.181,-0.013999999999999985,0.278,0.309,-0.030999999999999972,0.235,0.257,-0.02200000000000002
"Flowers, Tyler","452095","2020","80","35",0.217,0.189,0.027999999999999997,0.348,0.322,0.025999999999999968,0.303,0.282,0.02100000000000002
"Araúz, Jonathan","660620","2020","80","51",0.25,0.292,-0.04199999999999998,0.319,0.357,-0.03799999999999998,0.291,0.325,-0.03400000000000003
"VanMeter, Josh","642165","2020","79","46",0.129,0.213,-0.08399999999999999,0.257,0.35,-0.09299999999999997,0.222,0.294,-0.07199999999999998
"Torrens, Luis","620443","2020","78","56",0.257,0.26,-0.0030000000000000027,0.371,0.393,-0.02200000000000002,0.307,0.318,-0.01100000000000001
"Senzel, Nick","669222","2020","78","56",0.186,0.234,-0.048000000000000015,0.357,0.384,-0.027000000000000024,0.26,0.294,-0.033999999999999975
"Velazquez, Andrew","623205","2020","77","44",0.159,0.155,0.0040000000000000036,0.206,0.234,-0.028000000000000025,0.231,0.242,-0.010999999999999982
"Tejeda, Anderson","660731","2020","77","45",0.253,0.193,0.06,0.453,0.38,0.07300000000000001,0.306,0.252,0.05399999999999999
"Lowe, Nathaniel","663993","2020","76","39",0.224,0.23,-0.006000000000000005,0.433,0.377,0.055999999999999994,0.314,0.3,0.014000000000000012
"Arozarena, Randy","668227","2020","76","43",0.281,0.253,0.028000000000000025,0.641,0.496,0.14500000000000002,0.422,0.369,0.05299999999999999
"Dietrich, Derek","518618","2020","75","40",0.197,0.239,-0.04199999999999998,0.459,0.476,-0.01699999999999996,0.351,0.376,-0.025000000000000022
"Díaz, Elias","553869","2020","73","53",0.235,0.261,-0.026000000000000023,0.353,0.396,-0.04300000000000004,0.281,0.309,-0.02799999999999997
"Smith Jr., Dwight","596105","2020","72","45",0.222,0.196,0.025999999999999995,0.365,0.308,0.056999999999999995,0.289,0.263,0.025999999999999968
"Machín, Vimael","605353","2020","71","53",0.206,0.29,-0.08399999999999999,0.238,0.391,-0.15300000000000002,0.25,0.338,-0.08800000000000002
"Garcia, Greg","594824","2020","71","46",0.2,0.194,0.006000000000000005,0.25,0.228,0.021999999999999992,0.243,0.239,0.0040000000000000036
"Farmer, Kyle","571657","2020","70","51",0.266,0.283,-0.01699999999999996,0.313,0.45,-0.137,0.29,0.347,-0.056999999999999995
"Rojas, Josh","668942","2020","70","47",0.18,0.213,-0.033,0.18,0.289,-0.10899999999999999,0.209,0.272,-0.06300000000000003
"Riddle, JT","595375","2020","69","54",0.149,0.214,-0.065,0.224,0.345,-0.12099999999999997,0.174,0.253,-0.07900000000000001
"Lux, Gavin","666158","2020","69","44",0.175,0.195,-0.020000000000000018,0.349,0.334,0.014999999999999958,0.259,0.266,-0.007000000000000006
"Guillorme, Luis","641645","2020","68","41",0.333,0.247,0.08600000000000002,0.439,0.337,0.10199999999999998,0.381,0.317,0.064
"Barrero, Jose","676480","2020","68","41",0.194,0.212,-0.017999999999999988,0.194,0.286,-0.09199999999999997,0.179,0.223,-0.04400000000000001
"Mathis, Jeff","425772","2020","68","39",0.161,0.204,-0.04299999999999998,0.355,0.359,-0.0040000000000000036,0.245,0.281,-0.03600000000000003
"Dyson, Jarrod","502481","2020","66","51",0.18,0.207,-0.026999999999999996,0.18,0.238,-0.057999999999999996,0.192,0.229,-0.037000000000000005
"Espinal, Santiago","669289","2020","66","46",0.267,0.246,0.02100000000000002,0.333,0.345,-0.011999999999999955,0.282,0.283,-0.0010000000000000009
"Andujar, Miguel","609280","2020","65","53",0.242,0.235,0.007000000000000006,0.355,0.352,0.0030000000000000027,0.274,0.275,-0.0010000000000000009
"Tromp, Chadwick","644433","2020","64","43",0.213,0.19,0.022999999999999993,0.426,0.358,0.068,0.264,0.235,0.029000000000000026
"Starling, Bubba","605490","2020","64","33",0.169,0.191,-0.021999999999999992,0.237,0.25,-0.013000000000000012,0.204,0.223,-0.019000000000000017
"Castro, Starlin","516770","2020","63","47",0.267,0.24,0.027000000000000024,0.45,0.387,0.063,0.32,0.288,0.03200000000000003
"García, Leury","544725","2020","63","50",0.271,0.261,0.010000000000000009,0.441,0.45,-0.009000000000000008,0.326,0.327,-0.0010000000000000009
"Santana, Danny","542454","2020","63","32",0.145,0.181,-0.036000000000000004,0.273,0.347,-0.07399999999999995,0.23,0.281,-0.05100000000000002
"Hechavarría, Adeiny","588751","2020","63","47",0.254,0.22,0.034,0.305,0.26,0.044999999999999984,0.271,0.244,0.027000000000000024
"Murphy, John Ryan","571974","2020","63","31",0.172,0.215,-0.04300000000000001,0.207,0.317,-0.11000000000000001,0.199,0.261,-0.062
"Chisholm Jr., Jazz","665862","2020","62","37",0.161,0.18,-0.01899999999999999,0.321,0.345,-0.023999999999999966,0.248,0.269,-0.02100000000000002
"Avila, Alex","488671","2020","62","27",0.184,0.198,-0.014000000000000012,0.286,0.326,-0.040000000000000036,0.305,0.324,-0.019000000000000017
"Cervelli, Francisco","465041","2020","62","39",0.245,0.248,-0.0030000000000000027,0.453,0.447,0.006000000000000005,0.351,0.353,-0.0020000000000000018
"Jeffers, Ryan","680777","2020","62","36",0.273,0.236,0.03700000000000003,0.436,0.486,-0.04999999999999999,0.346,0.349,-0.0030000000000000027
"Pinder, Chad","640461","2020","61","43",0.232,0.242,-0.009999999999999981,0.393,0.451,-0.057999999999999996,0.299,0.325,-0.026000000000000023
"Peterson, Jace","607054","2020","61","26",0.2,0.181,0.019000000000000017,0.356,0.353,0.0030000000000000027,0.344,0.343,0.0009999999999999454
"Gallagher, Cam","595956","2020","60","43",0.283,0.264,0.01899999999999996,0.434,0.315,0.119,0.344,0.297,0.046999999999999986
"Bemboom, Anthony","621532","2020","60","38",0.208,0.198,0.009999999999999981,0.417,0.315,0.10199999999999998,0.324,0.294,0.030000000000000027
"Cameron, Daz","663662","2020","59","38",0.193,0.197,-0.0040000000000000036,0.263,0.275,-0.01200000000000001,0.212,0.22,-0.008000000000000007
"Díaz, Aledmys","649557","2020","59","46",0.241,0.266,-0.025000000000000022,0.483,0.382,0.10099999999999998,0.307,0.287,0.020000000000000018
"Phillips, Brett","621433","2020","59","36",0.196,0.235,-0.03899999999999998,0.392,0.355,0.03700000000000003,0.304,0.314,-0.010000000000000009
"Lin, Tzu-Wei","624407","2020","57","38",0.154,0.182,-0.027999999999999997,0.173,0.234,-0.061000000000000026,0.16,0.198,-0.038000000000000006
"Jay, Jon","445055","2020","57","41",0.16,0.217,-0.056999999999999995,0.24,0.35,-0.10999999999999999,0.199,0.275,-0.07600000000000001
"Pence, Hunter","452254","2020","56","37",0.096,0.237,-0.141,0.25,0.444,-0.194,0.18,0.318,-0.138
"Aquino, Aristides","606157","2020","56","29",0.17,0.207,-0.03699999999999998,0.319,0.341,-0.02200000000000002,0.285,0.311,-0.026000000000000023
"Davis, Chris","448801","2020","55","35",0.115,0.143,-0.027999999999999983,0.173,0.205,-0.032,0.154,0.182,-0.027999999999999997
"Greiner, Grayson","606988","2020","55","31",0.118,0.187,-0.069,0.333,0.377,-0.043999999999999984,0.22,0.269,-0.049000000000000016
"Arroyo, Christian","624414","2020","54","39",0.24,0.224,0.015999999999999986,0.44,0.409,0.031000000000000028,0.315,0.3,0.015000000000000013
"Haggerty, Sam","664059","2020","54","34",0.26,0.263,-0.0030000000000000027,0.4,0.387,0.013000000000000012,0.311,0.311,0
"Heineman, Scott","595981","2020","54","41",0.154,0.204,-0.04999999999999999,0.269,0.318,-0.04899999999999999,0.197,0.241,-0.043999999999999984
"Nottingham, Jacob","641924","2020","54","28",0.188,0.193,-0.0050000000000000044,0.458,0.401,0.056999999999999995,0.313,0.3,0.013000000000000012
"Beaty, Matt","607461","2020","54","36",0.22,0.234,-0.014000000000000012,0.36,0.35,0.010000000000000009,0.28,0.286,-0.00599999999999995
"Castro, Harold","605612","2020","54","38",0.347,0.274,0.07299999999999995,0.429,0.406,0.022999999999999965,0.369,0.33,0.03899999999999998
"Vargas, Ildemaro","545121","2020","54","42",0.196,0.202,-0.006000000000000005,0.314,0.28,0.033999999999999975,0.229,0.228,0.0010000000000000009
"Sierra, Magneuris","642423","2020","53","38",0.25,0.237,0.013000000000000012,0.364,0.287,0.07700000000000001,0.307,0.296,0.01100000000000001
"Cron, C.J.","543068","2020","52","26",0.19,0.195,-0.0050000000000000044,0.548,0.484,0.06400000000000006,0.376,0.361,0.015000000000000013
"White, Eli","642201","2020","52","33",0.188,0.229,-0.04100000000000001,0.229,0.302,-0.07299999999999998,0.207,0.262,-0.05500000000000002
"Estrada, Thairo","642731","2020","52","29",0.167,0.199,-0.032,0.229,0.29,-0.06099999999999997,0.212,0.25,-0.038000000000000006
"Benintendi, Andrew","643217","2020","52","23",0.103,0.121,-0.018000000000000002,0.128,0.213,-0.08499999999999999,0.241,0.278,-0.03700000000000003
"Harrison, Monte","656509","2020","51","21",0.17,0.147,0.02300000000000002,0.255,0.295,-0.03999999999999998,0.222,0.226,-0.0040000000000000036
"Adams, Matt","571431","2020","51","31",0.184,0.197,-0.013000000000000012,0.347,0.379,-0.03200000000000003,0.24,0.258,-0.018000000000000016
"Heineman, Tyler","623168","2020","50","38",0.19,0.203,-0.013000000000000012,0.214,0.271,-0.05700000000000002,0.243,0.27,-0.027000000000000024
"Zimmer, Bradley","605548","2020","50","24",0.162,0.13,0.032,0.243,0.21,0.033,0.299,0.282,0.017000000000000015
"Drury, Brandon","592273","2020","49","38",0.152,0.241,-0.089,0.174,0.344,-0.16999999999999998,0.162,0.267,-0.10500000000000001
"Higashioka, Kyle","543309","2020","48","37",0.25,0.237,0.013000000000000012,0.521,0.513,0.008000000000000007,0.319,0.312,0.007000000000000006
"Wallach, Chad","595453","2020","48","33",0.227,0.205,0.02200000000000002,0.364,0.348,0.016000000000000014,0.278,0.262,0.016000000000000014
"Stevenson, Andrew","664057","2020","47","30",0.366,0.288,0.07800000000000001,0.732,0.459,0.27299999999999996,0.485,0.368,0.11699999999999999
"Davidson, Matt","571602","2020","47","30",0.163,0.235,-0.07199999999999998,0.395,0.499,-0.10399999999999998,0.268,0.339,-0.07100000000000001
"Smith, Mallex","605480","2020","47","32",0.133,0.163,-0.03,0.178,0.193,-0.015000000000000013,0.158,0.181,-0.022999999999999993
"Mayfield, Jack","608686","2020","47","30",0.19,0.169,0.02099999999999999,0.214,0.226,-0.01200000000000001,0.207,0.211,-0.0040000000000000036
"Garneau, Dustin","572863","2020","46","25",0.158,0.162,-0.0040000000000000036,0.289,0.336,-0.04700000000000004,0.256,0.273,-0.017000000000000015
"Evans, Phillip","595943","2020","45","32",0.359,0.265,0.09399999999999997,0.487,0.372,0.11499999999999999,0.409,0.331,0.07799999999999996
"Muñoz, Yairo","622168","2020","45","34",0.333,0.276,0.056999999999999995,0.511,0.403,0.10799999999999998,0.358,0.29,0.068
"Piña, Manny","444489","2020","45","28",0.231,0.286,-0.054999999999999966,0.41,0.473,-0.063,0.328,0.374,-0.045999999999999985
"McGuire, Reese","624512","2020","45","34",0.073,0.118,-0.045,0.146,0.166,-0.020000000000000018,0.091,0.126,-0.035
"Owings, Chris","572008","2020","44","30",0.268,0.207,0.061000000000000026,0.439,0.307,0.132,0.326,0.253,0.07300000000000001
"Smith, Pavin","656976","2020","44","31",0.27,0.29,-0.019999999999999962,0.405,0.436,-0.030999999999999972,0.32,0.357,-0.03699999999999998
"Odom, Joseph","641929","2020","44","20",0.128,0.119,0.009000000000000008,0.128,0.168,-0.04000000000000001,0.168,0.178,-0.009999999999999981
"Wade Jr., LaMonte","664774","2020","44","30",0.231,0.209,0.02200000000000002,0.308,0.279,0.02899999999999997,0.285,0.268,0.01699999999999996
"Butera, Drew","460077","2020","43","30",0.154,0.122,0.032,0.205,0.168,0.03699999999999998,0.176,0.152,0.023999999999999994
"Freeman, Mike","502273","2020","43","28",0.237,0.21,0.026999999999999996,0.316,0.269,0.046999999999999986,0.275,0.254,0.02100000000000002
"Cordero, Franchy","614173","2020","42","34",0.211,0.34,-0.12900000000000003,0.447,0.627,-0.18,0.312,0.438,-0.126
"Mejía, Francisco","642336","2020","42","30",0.077,0.147,-0.06999999999999999,0.179,0.211,-0.032,0.149,0.193,-0.04400000000000001
"Díaz, Lewin","650331","2020","41","27",0.154,0.168,-0.014000000000000012,0.205,0.281,-0.07600000000000004,0.181,0.215,-0.034
"Alvarez, Eddy","657193","2020","41","21",0.189,0.132,0.056999999999999995,0.216,0.173,0.04300000000000001,0.228,0.19,0.038000000000000006
"Taylor, Tyrone","621438","2020","41","30",0.237,0.27,-0.03300000000000003,0.5,0.539,-0.039000000000000035,0.334,0.365,-0.030999999999999972
"Ravelo, Rangel","592660","2020","41","31",0.171,0.2,-0.028999999999999998,0.286,0.306,-0.020000000000000018,0.233,0.27,-0.037000000000000005
"Heim, Jonah","641680","2020","41","35",0.211,0.245,-0.034,0.211,0.379,-0.168,0.223,0.299,-0.07599999999999998
"Walker, Neil","435522","2020","41","27",0.231,0.234,-0.0030000000000000027,0.308,0.306,0.0020000000000000018,0.237,0.241,-0.0040000000000000036
"Wieters, Matt","446308","2020","41","26",0.2,0.247,-0.046999999999999986,0.229,0.382,-0.153,0.252,0.323,-0.07100000000000001
"Thomas, Lane","657041","2020","40","23",0.111,0.145,-0.03399999999999999,0.25,0.223,0.026999999999999996,0.203,0.213,-0.009999999999999981
"Fisher, Derek","605233","2020","39","21",0.226,0.223,0.0030000000000000027,0.452,0.419,0.03300000000000003,0.348,0.344,0.0040000000000000036
"Forsythe, Logan","523253","2020","38","22",0.118,0.193,-0.07500000000000001,0.235,0.421,-0.186,0.205,0.301,-0.096
"Smith, Kevan","607345","2020","38","20",0.258,0.206,0.05200000000000002,0.452,0.435,0.017000000000000015,0.363,0.342,0.020999999999999963
"Heredia, Guillermo","628338","2020","36","24",0.212,0.265,-0.05300000000000002,0.394,0.479,-0.08499999999999996,0.291,0.347,-0.055999999999999994
"Hamilton, Billy","571740","2020","36","27",0.125,0.199,-0.07400000000000001,0.219,0.285,-0.06599999999999998,0.172,0.236,-0.064
"Duggar, Steven","621453","2020","36","23",0.176,0.2,-0.02400000000000002,0.235,0.273,-0.038000000000000034,0.206,0.234,-0.028000000000000025
"Mathias, Mark","664029","2020","36","29",0.278,0.258,0.020000000000000018,0.361,0.359,0.0020000000000000018,0.275,0.265,0.010000000000000009
"Marisnick, Jake","545350","2020","34","23",0.333,0.214,0.11900000000000002,0.606,0.309,0.297,0.402,0.238,0.16400000000000003
"Refsnyder, Rob","608701","2020","34","20",0.2,0.208,-0.00799999999999998,0.233,0.305,-0.07199999999999998,0.229,0.261,-0.032
"Cespedes, Yoenis","493316","2020","34","16",0.161,0.215,-0.05399999999999999,0.387,0.412,-0.024999999999999967,0.267,0.304,-0.03699999999999998
"Young, Andrew","670370","2020","34","16",0.192,0.22,-0.027999999999999997,0.385,0.379,0.006000000000000005,0.35,0.361,-0.01100000000000001
"Almora Jr., Albert","546991","2020","34","21",0.167,0.158,0.009000000000000008,0.2,0.175,0.025000000000000022,0.223,0.211,0.01200000000000001
"Bishop, Braden","623323","2020","34","21",0.167,0.15,0.017000000000000015,0.233,0.212,0.02100000000000002,0.22,0.206,0.014000000000000012
"Davis, Jonathan","641505","2020","34","17",0.259,0.221,0.038000000000000006,0.444,0.425,0.019000000000000017,0.35,0.35,0
"Huff, Sam","669087","2020","33","20",0.355,0.338,0.01699999999999996,0.742,0.64,0.10199999999999998,0.469,0.426,0.04299999999999998
"Holaday, Bryan","592407","2020","33","22",0.161,0.19,-0.028999999999999998,0.194,0.24,-0.045999999999999985,0.187,0.217,-0.03
"Mathisen, Wyatt","621500","2020","33","15",0.222,0.192,0.03,0.444,0.411,0.03300000000000003,0.355,0.332,0.022999999999999965
"Demeritte, Travis","641513","2020","33","15",0.172,0.211,-0.03900000000000001,0.207,0.319,-0.11200000000000002,0.23,0.283,-0.052999999999999964
"Allen, Greg","656185","2020","32","17",0.154,0.196,-0.04200000000000001,0.308,0.316,-0.008000000000000007,0.267,0.3,-0.032999999999999974
"Allen, Austin","664119","2020","32","17",0.194,0.149,0.04500000000000001,0.323,0.202,0.121,0.233,0.168,0.065
"Souza Jr., Steven","519306","2020","31","12",0.148,0.113,0.03499999999999999,0.333,0.226,0.10700000000000001,0.262,0.214,0.048000000000000015
"Kratz, Erik","456124","2020","30","22",0.321,0.272,0.04899999999999999,0.393,0.336,0.056999999999999995,0.335,0.294,0.041000000000000036
"Sánchez, Jesús","660821","2020","29","14",0.04,0.158,-0.118,0.08,0.257,-0.177,0.139,0.25,-0.11099999999999999
"Fraley, Jake","641584","2020","29","15",0.154,0.141,0.013000000000000012,0.269,0.194,0.07500000000000001,0.231,0.203,0.027999999999999997
"Alford, Anthony","546990","2020","29","20",0.214,0.176,0.038000000000000006,0.5,0.32,0.18,0.306,0.228,0.07799999999999999
"Morrison, Logan","489149","2020","28","17",0.12,0.185,-0.065,0.28,0.361,-0.08099999999999996,0.221,0.279,-0.058000000000000024
"Mateo, Jorge","622761","2020","28","16",0.154,0.236,-0.08199999999999999,0.269,0.336,-0.067,0.196,0.259,-0.063
"Hernandez, Yadiel","628450","2020","28","15",0.192,0.182,0.010000000000000009,0.423,0.312,0.11099999999999999,0.26,0.227,0.033
"Barreto, Franklin","620439","2020","28","12",0.074,0.125,-0.051000000000000004,0.074,0.151,-0.077,0.089,0.142,-0.05299999999999999
"Urías, Ramón","602104","2020","27","19",0.36,0.343,0.01699999999999996,0.56,0.52,0.040000000000000036,0.413,0.392,0.020999999999999963
"Nido, Tomás","621512","2020","26","18",0.292,0.251,0.04099999999999998,0.583,0.459,0.12399999999999994,0.389,0.328,0.061
"Thaiss, Matt","642136","2020","25","13",0.143,0.132,0.010999999999999982,0.286,0.217,0.06899999999999998,0.262,0.236,0.026000000000000023
"Kirk, Alejandro","672386","2020","25","20",0.375,0.313,0.062,0.583,0.451,0.13199999999999995,0.418,0.344,0.07400000000000001
"Robertson, Daniel","621002","2020","24","15",0.333,0.284,0.049000000000000044,0.333,0.356,-0.022999999999999965,0.345,0.335,0.009999999999999953
"Viloria, Meibrys","650619","2020","24","12",0.19,0.117,0.073,0.238,0.164,0.07399999999999998,0.25,0.195,0.05499999999999999
"Taylor, Beau","607333","2020","24","13",0.048,0.117,-0.069,0.048,0.145,-0.09699999999999999,0.099,0.165,-0.066
"Colón, Christian","518568","2020","24","20",0.13,0.163,-0.033,0.174,0.198,-0.02400000000000002,0.154,0.181,-0.026999999999999996
"Alcántara, Sergio","642727","2020","23","17",0.143,0.146,-0.0030000000000000027,0.381,0.207,0.17400000000000002,0.253,0.2,0.05299999999999999
"Garlick, Kyle","664247","2020","23","15",0.136,0.227,-0.091,0.182,0.257,-0.07500000000000001,0.162,0.234,-0.07200000000000001
"Delmonico, Nicky","547170","2020","22","18",0.15,0.152,-0.0020000000000000018,0.15,0.201,-0.05100000000000002,0.184,0.202,-0.018000000000000016
"Mercer, Jordy","474568","2020","22","18",0.2,0.223,-0.022999999999999993,0.2,0.246,-0.045999999999999985,0.224,0.256,-0.032
"Díaz, Isan","656371","2020","22","15",0.182,0.274,-0.09200000000000003,0.182,0.345,-0.16299999999999998,0.16,0.272,-0.11200000000000002
"Jones, Taylor","622100","2020","22","14",0.19,0.201,-0.01100000000000001,0.381,0.41,-0.02899999999999997,0.258,0.277,-0.019000000000000017
"Cain, Lorenzo","456715","2020","21","16",0.333,0.379,-0.045999999999999985,0.389,0.516,-0.127,0.352,0.419,-0.067
"Apostel, Sherten","665947","2020","21","11",0.1,0.126,-0.025999999999999995,0.15,0.163,-0.013000000000000012,0.134,0.153,-0.01899999999999999
"Rodgers, Brendan","663898","2020","21","15",0.095,0.134,-0.03900000000000001,0.143,0.143,0,0.101,0.124,-0.022999999999999993
"Sánchez, Yolmer","570560","2020","21","11",0.313,0.241,0.07200000000000001,0.688,0.481,0.20699999999999996,0.48,0.393,0.08699999999999997
"Rooker, Brent","667670","2020","21","14",0.316,0.305,0.01100000000000001,0.579,0.549,0.029999999999999916,0.408,0.395,0.012999999999999956
"Payton, Mark","592622","2020","20","13",0.167,0.12,0.047000000000000014,0.222,0.211,0.01100000000000001,0.22,0.196,0.023999999999999994
"Hudson, Joe","621529","2020","20","13",0.176,0.132,0.043999999999999984,0.176,0.162,0.013999999999999985,0.213,0.189,0.023999999999999994
"Cron, Kevin","605196","2020","20","10",0,0.109,-0.109,0,0.167,-0.167,0.108,0.206,-0.09799999999999999
"Stephenson, Tyler","663886","2020","20","8",0.294,0.204,0.09,0.647,0.405,0.242,0.437,0.324,0.11299999999999999
"Haase, Eric","606992","2020","19","12",0.176,0.252,-0.07600000000000001,0.176,0.427,-0.251,0.176,0.297,-0.121
"Basabe, Luis Alexander","642772","2020","18","9",0.143,0.17,-0.027000000000000024,0.143,0.202,-0.059000000000000025,0.253,0.281,-0.028000000000000025
"Difo, Wilmer","594694","2020","18","11",0.071,0.217,-0.14600000000000002,0.071,0.281,-0.21000000000000002,0.165,0.294,-0.12899999999999998
"Moniak, Mickey","666160","2020","18","8",0.214,0.252,-0.038000000000000006,0.214,0.302,-0.088,0.302,0.345,-0.04299999999999998
"Williams, Mason","592863","2020","18","9",0.111,0.178,-0.06699999999999999,0.222,0.238,-0.015999999999999986,0.136,0.182,-0.045999999999999985
"Phegley, Josh","572033","2020","18","13",0.063,0.132,-0.069,0.25,0.291,-0.04099999999999998,0.189,0.238,-0.04899999999999999
"Heath, Nick","670084","2020","18","8",0.154,0.244,-0.09,0.231,0.306,-0.07499999999999998,0.265,0.326,-0.061
"Collins, Zack","641470","2020","18","11",0.063,0.152,-0.089,0.125,0.35,-0.22499999999999998,0.146,0.261,-0.11500000000000002
"Jankowski, Travis","608671","2020","17","8",0.067,0.149,-0.08199999999999999,0.067,0.163,-0.096,0.134,0.21,-0.07599999999999998
"Noll, Jake","669738","2020","17","13",0.353,0.27,0.08299999999999996,0.412,0.325,0.08699999999999997,0.332,0.255,0.07700000000000001
"Knizner, Andrew","668800","2020","17","12",0.25,0.279,-0.029000000000000026,0.313,0.346,-0.032999999999999974,0.229,0.317,-0.088
"Schrock, Max","621011","2020","17","11",0.176,0.183,-0.007000000000000006,0.353,0.293,0.06,0.22,0.204,0.016000000000000014
"Oliva, Jared","666931","2020","16","10",0.188,0.211,-0.022999999999999993,0.188,0.263,-0.07500000000000001,0.165,0.206,-0.04099999999999998
"Mejia, Erick","625510","2020","16","8",0.071,0.079,-0.008000000000000007,0.143,0.098,0.044999999999999984,0.088,0.076,0.011999999999999997
"Astudillo, Willians","553902","2020","16","14",0.25,0.245,0.0050000000000000044,0.5,0.334,0.16599999999999998,0.311,0.247,0.064
"Dozier, Brian","572821","2020","16","10",0.133,0.218,-0.08499999999999999,0.133,0.325,-0.192,0.154,0.262,-0.10800000000000001
"Oña, Jorge","671250","2020","15","5",0.25,0.206,0.04400000000000001,0.583,0.475,0.10799999999999998,0.415,0.368,0.046999999999999986
"Dixon, Brandon","641525","2020","14","9",0.077,0.174,-0.09699999999999999,0.154,0.332,-0.17800000000000002,0.138,0.25,-0.11199999999999999
"Walton, Donovan","622268","2020","14","8",0.154,0.149,0.0050000000000000044,0.231,0.289,-0.05799999999999997,0.201,0.22,-0.01899999999999999
"Almonte, Abraham","501659","2020","13","7",0.091,0.119,-0.027999999999999997,0.091,0.137,-0.04600000000000001,0.175,0.203,-0.028000000000000025
"Rodríguez, Sean","446481","2020","13","7",0.154,0.121,0.033,0.154,0.154,0,0.136,0.121,0.015000000000000013
"Johnson, Daniel","669288","2020","13","7",0.083,0.157,-0.074,0.083,0.297,-0.21399999999999997,0.074,0.19,-0.116
"Chang, Yu","644374","2020","13","7",0.182,0.209,-0.026999999999999996,0.182,0.234,-0.05200000000000002,0.243,0.273,-0.030000000000000027
"Hill, Derek","656537","2020","12","5",0.091,0.116,-0.02500000000000001,0.091,0.159,-0.068,0.132,0.167,-0.035
"Davis, Jaylin","664041","2020","12","6",0.167,0.2,-0.033,0.417,0.413,0.0040000000000000036,0.238,0.252,-0.014000000000000012
"Gutiérrez, Kelvin","642721","2020","12","3",0.111,0.153,-0.041999999999999996,0.111,0.209,-0.09799999999999999,0.248,0.292,-0.043999999999999984
"Reynolds, Matt","608703","2020","11","4",0,0.063,-0.063,0,0.074,-0.074,0,0.061,-0.061
"Lavarnway, Ryan","543432","2020","11","9",0.364,0.305,0.059,0.364,0.34,0.023999999999999966,0.321,0.284,0.03700000000000003
"Martin, Jason","641829","2020","11","5",0,0.049,-0.049,0,0.055,-0.055,0.127,0.168,-0.04100000000000001
"Puello, César","527049","2020","11","7",0.375,0.234,0.141,0.375,0.253,0.122,0.405,0.318,0.08700000000000002
"Lugo, Dawel","608475","2020","11","9",0.2,0.184,0.016000000000000014,0.2,0.269,-0.069,0.224,0.248,-0.023999999999999994
"Ramírez, Harold","623912","2020","11","8",0.2,0.174,0.026000000000000023,0.2,0.221,-0.02099999999999999,0.224,0.219,0.0050000000000000044
"Sánchez, Ali","645305","2020","10","6",0.111,0.043,0.068,0.111,0.048,0.063,0.158,0.11,0.048
"Hermosillo, Michael","641684","2020","10","8",0.25,0.099,0.151,0.25,0.122,0.128,0.246,0.185,0.061
"Stubbs, Garrett","596117","2020","10","10",0.125,0.248,-0.123,0.125,0.292,-0.16699999999999998,0.098,0.229,-0.131
"Contreras, William","661388","2020","10","6",0.4,0.322,0.07800000000000001,0.5,0.467,0.032999999999999974,0.389,0.339,0.04999999999999999
"Goins, Ryan","572365","2020","10","8",0,0.202,-0.202,0,0.473,-0.473,0.07,0.318,-0.248
"McCarthy, Joe","663411","2020","10","5",0,0.027,-0.027,0,0.031,-0.031,0,0.026,-0.026
"Alvarez, Yordan","670541","2020","9","7",0.25,0.278,-0.028000000000000025,0.625,0.45,0.175,0.399,0.361,0.038000000000000034
"Joseph, Caleb","543376","2020","9","7",0.125,0.287,-0.16199999999999998,0.5,0.462,0.03799999999999998,0.298,0.36,-0.062
"Marchán, Rafael","665561","2020","9","6",0.5,0.422,0.07800000000000001,0.875,0.681,0.19399999999999995,0.592,0.496,0.09599999999999997
"Cordell, Ryan","641477","2020","8","5",0.125,0.17,-0.04500000000000001,0.125,0.224,-0.099,0.11,0.173,-0.06299999999999999
"Ruiz, Keibert","660688","2020","8","5",0.25,0.24,0.010000000000000009,0.625,0.602,0.02300000000000002,0.358,0.346,0.01200000000000001
"Soto, Elliot","519303","2020","7","5",0.333,0.189,0.14400000000000002,0.5,0.234,0.266,0.403,0.261,0.14200000000000002
"Torreyes, Ronald","591720","2020","7","7",0.143,0.276,-0.13300000000000003,0.286,0.436,-0.15000000000000002,0.177,0.305,-0.128
"Healy, Ryon","592387","2020","7","5",0.143,0.123,0.01999999999999999,0.143,0.354,-0.211,0.126,0.196,-0.07
"Orf, Nate","644337","2020","7","6",0,0.249,-0.249,0,0.336,-0.336,0,0.258,-0.258
"García, Adolis","666969","2020","7","2",0,0.025,-0.025,0,0.029,-0.029,0.1,0.121,-0.02099999999999999
"Jackson, Alex","656577","2020","7","3",0.286,0.219,0.06699999999999998,0.429,0.262,0.16699999999999998,0.303,0.213,0.09
"Jones, Jahmai","663330","2020","7","5",0.429,0.34,0.08899999999999997,0.429,0.425,0.0040000000000000036,0.378,0.331,0.046999999999999986
"Culberson, Charlie","518586","2020","7","3",0.143,0.149,-0.006000000000000005,0.286,0.393,-0.10700000000000004,0.177,0.218,-0.04100000000000001
"McKinstry, Zach","656716","2020","7","4",0.286,0.271,0.014999999999999958,0.429,0.328,0.10099999999999998,0.303,0.258,0.044999999999999984
"Dean, Austin","621573","2020","7","2",0.25,0.19,0.06,0.5,0.36,0.14,0.476,0.432,0.043999999999999984
"Williams, Justin","642211","2020","6","3",0.2,0.155,0.04500000000000001,0.2,0.197,0.0030000000000000027,0.264,0.247,0.017000000000000015
"Herrera, Dilson","599096","2020","6","1",0,0,0,0,0,0,0.121,0.121,0
"Pérez, Hernán","541650","2020","6","4",0.167,0.408,-0.24099999999999996,0.167,0.496,-0.32899999999999996,0.147,0.396,-0.24900000000000003
"Rickard, Joey","572073","2020","6","4",0,0.055,-0.055,0,0.06,-0.06,0.116,0.159,-0.043
"Briceño, José","593993","2020","6","4",0.2,0.284,-0.08399999999999996,0.2,0.354,-0.15399999999999997,0.264,0.354,-0.08999999999999997
"O'Grady, Brian","657434","2020","5","4",0.4,0.352,0.04800000000000004,0.6,0.51,0.08999999999999997,0.424,0.367,0.056999999999999995
"Rivera, Yadiel","592680","2020","5","4",0,0.201,-0.201,0,0.304,-0.304,0,0.217,-0.217
"Brown, Seth","664913","2020","5","3",0,0.134,-0.134,0,0.474,-0.474,0,0.247,-0.247
"Navarreto, Brian","640459","2020","5","4",0.4,0.365,0.03500000000000003,0.4,0.436,-0.035999999999999976,0.353,0.351,0.0020000000000000018
"Campusano, Luis","669134","2020","4","1",0.333,0.171,0.162,1.333,0.379,0.954,0.677,0.346,0.33100000000000007
"Blankenhorn, Travis","663905","2020","4","3",0.333,0.251,0.08200000000000002,0.667,0.578,0.08900000000000008,0.492,0.437,0.05499999999999999
"Craig, Will","643269","2020","4","3",0,0.208,-0.208,0,0.542,-0.542,0,0.303,-0.303
"Hernández, Óscar","591712","2020","4","3",0.5,0.321,0.179,0.5,0.426,0.07400000000000001,0.441,0.319,0.122
"Pache, Cristian","665506","2020","4","2",0.25,0.09,0.16,0.25,0.101,0.149,0.221,0.082,0.139
"Romine, Andrew","461865","2020","4","3",0.25,0.348,-0.09799999999999998,0.5,0.453,0.046999999999999986,0.31,0.351,-0.04099999999999998
"Rivera, René","425784","2020","4","1",0.25,0.22,0.03,0.25,0.279,-0.029000000000000026,0.221,0.213,0.008000000000000007
"Nogowski, John","596056","2020","4","3",0.25,0.17,0.07999999999999999,0.25,0.188,0.062,0.221,0.16,0.061
"Susac, Andrew","572180","2020","4","2",0,0.057,-0.057,0,0.077,-0.077,0.349,0.376,-0.027000000000000024
"Grullón, Deivy","620453","2020","4","2",0.333,0.233,0.1,0.333,0.237,0.09600000000000003,0.395,0.332,0.063
"McKinney, Billy","641856","2020","3","3",0.667,0.458,0.20900000000000002,0.667,0.551,0.11599999999999999,0.588,0.442,0.14599999999999996
"Brantly, Rob","542963","2020","3","3",0,0.162,-0.162,0,0.179,-0.179,0,0.15,-0.15
"Bonifácio, Emilio","466988","2020","3","1",0,0.016,-0.016,0,0.016,-0.016,0,0.014,-0.014
"Florial, Estevan","664314","2020","3","1",0.333,0.322,0.01100000000000001,0.333,0.362,-0.02899999999999997,0.294,0.304,-0.010000000000000009
"Núñez, Eduardo","456488","2020","2","2",0.5,0.135,0.365,0.5,0.136,0.364,0.441,0.128,0.313
"González, Luis","670768","2020","2","0",0,,,0,,,0.364,0.364,0
"Wisdom, Patrick","621550","2020","2","2",0,0.006,-0.006,0,0.01,-0.01,0,0.007,-0.007
"Whitefield, Aaron","664334","2020","1","1",0,0.093,-0.093,0,0.094,-0.094,0,0.084,-0.084
"Mills, Alec","621219","2020","1","0",0,,,0,,,0,0,0
"Lorenzen, Michael","547179","2020","1","0",,,,,,,0.728,0.728,0
"Schebler, Scott","594988","2020","1","1",0,0.07,-0.07,0,0.078,-0.078,0,0.066,-0.066
"Hill, Tim","657612","2020","1","0",0,,,0,,,0,0,0
"Cuthbert, Cheslor","596144","2020","1","1",0,0.167,-0.167,0,0.179,-0.179,0,0.15,-0.15
"Mercedes, Yermín","606213","2020","1","1",0,0.255,-0.255,0,0.289,-0.289,0,0.232,-0.232
"Adams, Austin","613534","2020","1","0",0,,,0,,,0,0,0